시설명,주소(도로명),건축면적(제곱미터),연면적(제곱미터),관리부서,준공일자
강남지역자활센터+강남구어린이급식관리지원센터,서울특별시 강남구 개포로38길 12,218.1,825,사회보장과,1989-08-27
강남구보건소,서울특별시 강남구 선릉로668,1399.55,7533.33,보건행정과,1975-12-26
신사동 주민센터,서울특별시 강남구 압구정로 128,254.34,1722.8,신사동 주민센터,2001-11-12
논현1동 주민센터,서울특별시 강남구 학동로20길 25,549.75,4003.3,논현1동 주민센터,2001-11-23
논현2동 주민센터,서울특별시 강남구 학동로43길 17,1010.46,7472.9,논현2동 주민센터,1997-08-31
압구정동 주민센터,서울특별시 강남구 압구정로33길 48,439.7,1402.2,압구정동 주민센터,1979-05-09
청담문화센터,서울특별시 강남구 압구정로79길 26 ,348.05,3203.2,청담동 주민센터,1991-10-12
삼성1문화센터,서울특별시 강남구 봉은사로 616,575.48,6543.8,삼성1동 주민센터,2009-09-06
삼성2문화센터,서울특별시 강남구 봉은사로 419,426.58,4144.9,삼성2동 주민센터,2004-11-12
대치1문화센터,서울특별시 강남구 남부순환로391길 19,283.11,2513.9,대치1동 주민센터,2008-03-05
대치2문화센터,서울특별시 강남구 영동대로65길 24,1615.61,9932.6,대치2동 주민센터,2006-08-05
대치4문화센터,서울특별시 강남구 도곡로77길 23,554.23,4238.7,대치4동 주민센터,2004-06-10
역삼1문화센터,서울특별시 강남구 역삼로7길 16,1294,10873.9,역삼1동 주민센터,2007-07-13
역삼2문화센터,서울특별시 강남구 도곡로43길 25,238.77,1975.7,역삼2동 주민센터,2010-02-11
도곡정보문화도서관,서울특별시 강남구 도곡로18길 57,1071.81,9976.6,도곡1동 주민센터,2012-12-14
도곡2문화센터,서울특별시 강남구 남부순환로378길 34-9,534.41,4780.8,도곡2동 주민센터,2009-09-18
개포1동 주민센터,서울특별시 강남구 개포동 660-1 일대(임시청사 : 개포로303),,,개포1동 주민센터,2023-12(준공예정)
개포2문화센터,서울특별시 강남구 개포로 511,370.48,2790.8,개포2동 주민센터,2009-10-24
개포3동 주민센터,서울특별시 강남구 개포로 607,346.03,1322.7,개포3동 주민센터,1992-10-31
개포4문화센터,서울특별시 강남구 개포로24길 33,503.51,4323.2,개포4동 주민센터,2022-09-20
일원본동 주민센터,서울특별시 강남구 광평로 126,341.55,1326.2,일원본동 주민센터,1993-02-28
일원1동 주민센터,서울특별시 강남구 양재대로55길 14,324,1286.1,일원1동 주민센터,1992-11-03
수 서동 주민센터,서울특별시 강남구 광평로 301-4,360.01,1326,수서동 주민센터,1992-11-20
세곡동 주민센터,서울특별시 강남구 밤고개로 286,745.49,3590.3,세곡동 주민센터,2003-07-03
자곡문화센터,서울특별시 강남구 자곡로 100,1301.24,9267.4,주민자치과,2021-12-30
강남세움센터,서울특별시 강남구 광평로60길 22(수서동),1538.16,9570.97,장애인복지과,2008-09-30
강남장애인복지관,서울특별시 강남구 개포로 605(개포동),408.87,2382.91,장애인복지과,2008-11-30
강남 취창업허브센터,서울특별시 강남구 역삼로 160,492.42,4624.84,일자리정책과,2022-08-25
강남노인종합복지관,서울특별시 강남구 삼성로 628,729.84,1435.48,어르신복지과,1995-06-15
논현노인종합복지관,서울특별시 강남구 강남대로128길 59,233.45,1649.17,어르신복지과,2006-09-26
강남시니어플라자,서울특별시 강남구 봉은사로 332,383.62,3816,어르신복지과,2011-09-08
역삼노인복지센터,서울특별시 강남구 도곡로27길 27,222.23,380.24,어르신복지과,2009-07-01
압구정노인복지센터,서울특별시 강남구 도산대로53길 5,155.54,792.92,어르신복지과,2009-06-22
대치노인복지센터,서울특별시 강남구 역삼로69길 22,182.72,423.57,어르신복지과,2011-07-20
세곡커뮤니티센터,서울특별시 강남구 헌릉로 590길 68,1377.65,"3,847,27",어르신복지과,2020-02-25
구립대치노인요양센터,서울특별시 강남구 역삼로69길 22,182.72,751.42,어르신복지과,2011-07-20
강남구립 논현요양센터,서울특별시 강남구 강남대로128길 59,233.45,1649.17,어르신복지과,2006-09-26
강남실버센터,서울특별시 강남구 삼성로 628,729.84,5232.08,어르신복지과,1995-06-15
구립 역삼노인요양센터,서울특별시 강남구 도곡로27길 27,222.23,1029.72,어르신복지과,2009-06-22
강남구립 세심정데이케어센터,서울특별시 강남구 논현로115길 35-1,125.85,454.46,어르신복지과,2014-03-03
강남논현데이케어센터,서울특별시 강남구 논현로136길 5-8,213.6,510.73,어르신복지과,1991-04-29
강남데이케어센터,서울특별시 강남구 삼성로 628,729.84,5232.08,어르신복지과,1995-06-15
구립 역삼데이케어센터,서울특별시 강남구 도곡로27길 27,222.23,1029.72,어르신복지과,2009-06-22
구립대치데이케어센터,서울특별시 강남구 역삼로69길 22,182.72,751.42,어르신복지과,2011-07-20
세곡데이케어센터,서울특별시 강남구 헌릉로590길 68,1377.65,3847.27,어르신복지과,2019-04-01
압구정데이케어센터,서울특별시 강남구 도산대로53길 5,155.54,792.92,어르신복지과,2009-06-22
명화 데이케어센터,서울특별시 강남구 광평로51길 49,1190.52,54319,어르신복지과,1992-10-17
목련데이케어센터,서울특별시 강남구 개포로 617-8,588.83,2693.66,어르신복지과,1998-12-26
역삼재가노인데이케어센터,서울특별시 강남구 언주로70길 18,169.07,710.77,어르신복지과,1999-01-12
학수정데이케어센터,서울특별시 강남구 도산대로17길 45,91.19,418.41,어르신복지과,1981-12-16
학수정경로당,서울특별시  강남구 도산대로17길 45,91.19,145.6,어르신복지과,1981-12-16
논현경로당,서울특별시 강남구 논현로 123길 19,83.6,83.6,어르신복지과,1986-11-19
논골경로당,서울특별시 강남구 강남대로128길 59,233.45,66.96,어르신복지과,2006-09-26
세심경로당,서울특별시 강남구 논현로115길 35-1,125.85,86.61,어르신복지과,2014-01-28
영동경로당,서울특별시 강남구 언주로116길 27,60.48,70.56,어르신복지과,1987-11-19
학리경로당,서울특별시 강남구 선릉로141길 13-2,112.7,158.31,어르신복지과,1995-05-29
한마음경로당,서울특별시 강남구 논현로136길 5-8,213.6,130,어르신복지과,2007-07-23
압구정1동경로당,서울특별시 강남구 언주로157길 8,156.99,98.71,어르신복지과,1998-01-22
압구정복지센터,서울특별시 강남구 도산대로53길 5,155.54,146.41,어르신복지과,2009-06-22
청수경로당,서울특별시 강남구 도산대로85길 43,117.62,228.32,어르신복지과,2005-12-29
청담경로당,서울특별시 강남구 도산대로67길 15,81.4,81.4,어르신복지과,1988-11-24
재너머경로당,서울특별시 강남구 삼성로147길 64,142.31,291.1,어르신복지과,1982-07-30
봉전경로당,서울특별시 강남구 봉은사로68길 39-3,130.35,244.1,어르신복지과,1999-01-20
대치경로당,서울특별시 강남구 역삼로90길 18,105.86,105.86,어르신복지과,1984-01-11
대치4경로당,서울특별시 강남구 도곡로77길 22,81.4,81.4,어르신복지과,1988-11-24
한티경로당,서울특별시 강남구 선릉로76길 11,163.42,163.42,어르신복지과,2011-06-07
역삼제3경로당,서울특별시 강남구 논현로79길 24,81.4,81.4,어르신복지과,1988-11-24
테헤란경로당,서울특별시 강남구 언주로97길 27-4,95.34,284.22,어르신복지과,1983-02-28
선정경로당,서울특별시 강남구 선릉로105길 5,73.59,170.68,어르신복지과,1978-10-26
하방교경로당,서울특별시 강남구 역삼로11길 9-7,81.2,321.6,어르신복지과,1998-10-23
상방교경로당,서울특별시 강남구 봉은사로24길 70,179,179,어르신복지과,2001-07-11
역삼중앙경로당,서울특별시 강남구 도곡로21길 7,123.18,87.39,어르신복지과,2003-08-27
역삼회경로당,서울특별시 강남구 역삼로18길 22,93.13,93.13,어르신복지과,1986-08-30
역삼2경로당,서울특별시 강남구 도곡로27길 27,222.23,90.09,어르신복지과,2009-06-22
역삼복지경로당,서울특별시 강남구 언주로70길 18 ,169.07,136.72,어르신복지과,1998-12-14
역삼시니어하우스,서울특별시 강남구 언주로 79길 30-3,105.21,212.22,어르신복지과,1991-07-08
독구리경로당,서울특별시 강남구 남부순환로379길 14,2370.66,95.5,어르신복지과,
도곡1동경로당,서울특별시 강남구 남부순환로355길 22,105.12,130.91,어르신복지과,1977-09-12
도곡경로당,서울특별시 강남구 논현로26길 34,84.3,84.3,어르신복지과,1991-09-20
개포경로당,서울특별시 강남구 선릉로12길 12,84.28,84.28,어르신복지과,1989-07-31
이화경로당,서울특별시 강남구 개포로 409-1,119.91,131.67,어르신복지과,1992-11-23
포이경로당,서울특별시 강남구 개포로20길 48,86.5,86.5,어르신복지과,1990-07-02
밀미리경로당,서울특별시 강남구 개포로31길 31,98.4,381.01,어르신복지과,1998-10-20
일원경로당,서울특별시 강남구 광평로3길 21,172.04,166.1,어르신복지과,1996-09-09
대청경로당,서울특별시 강남구 개포로124길 24,137.55,126,어르신복지과,2002-01-11
장수경로당,서울특별시 강남구 양재대로55길 10,10969.04,203,어르신복지과,
궁마을경로당,서울특별시 강남구 광평로42길 18,65.46,65.46,어르신복지과,2011-06-07
수서3단지아파트경로당,서울특별시 강남구 광평로51길 49,8886.19,146.62,어르신복지과,
수서6단지아파트경로당,서울특별시 강남구 광평로56길 11,4958.82,230,어르신복지과,
반고개경로당,서울특별시 강남구 헌릉로622길 9,94.4,98.4,어르신복지과,1992-10-06
방죽2경로당,서울특별시 강남구 밤고개로23길 14-31,99.45,198.9,어르신복지과,1986-06-22
방죽1경로당,서울특별시 강남구 밤고개로24길 60,186.65,364.66,어르신복지과,2011-01-15
윗반고개마을경로당,서울특별시 강남구 헌릉로645길 11,1153.56,209.97,어르신복지과,2015-11-05
강남도시관제센터,서울특별시 강남구 역삼동 687-10(언주로108길 20),575.54,1088.93,재난안전과,2004-06-17
강남스포츠문화센터,서울특별시 강남구 밤고개로1길 52,1571.72,9914.44,생활체육과(강남구 도시관리공단 위탁 운영),2004-12-08
구민체육관,서울특별시 강남구 개포로28길 47,978.07,2494.36,생활체육과(강남구 도시관리공단 위탁 운영),1993-12-31
대진체육관,서울특별시 강남구 개포로109길 62,885.91,885.91,생활체육과(강남구 도시관리공단 위탁 운영),1997-12-03
매봉산실내배드민턴장,서울특별시 강남구 남부순환로 2711,812.83,987.99,생활체육과(강남구 도시관리공단 위탁 운영),2017-06-08
일원스포츠문화센터,서울특별시 강남구 영동대로 22,18610.13,9682.27,생활체육과(강남구 도시관리공단 위탁 운영),2021-07-30
